FirstName,LastName,PhoneNumber,StreetAddress,PostalCode,City,Department
Jonas,Johansson,707121001,Industrivägen 24,112 34,Stockholm,BusinessManagement
Samuel,Parsakian,707121002,Industrivägen 14,112 34,Stockholm,ITSupport
Andréa,Vallberg,707121003,Industrivägen 34,112 34,Stockholm,Sales
Therese,From,707121004,Centralgatan 4,112 34,Stockholm,Sales
Malin,Joelsson,707121005,Centralgatan 4,852 32,Stockholm,Sales
Sid,Knutsson,707121006,Industrivägen 4,852 32,Stockholm,Sales
Filip,Lundgren,707121007,Industrivägen 4,112 34,Stockholm,Sales
Janna,Dahlberg,707121008,Centralgatan 4,112 34,Stockholm,Sales
Tom,Gilmartin,707121009,Industrivägen 4,112 34,Stockholm,Sales
Daniel,Gomez,707121010,Industrivägen 4,112 34,Stockholm,Sales
Joakim,Kuurne,707121011,Industrivägen 4,112 34,Stockholm,Sales
Johnny,Larsson,707121012,Centralgatan 4,112 34,Stockholm,Sales
Ramy,Matti,707121013,Industrivägen 4,112 34,Stockholm,Sales
Alexander,Hjerpe,707121014,Industrivägen 4,112 34,Stockholm,Sales
Christoffer,Ritter,707121015,Centralgatan 4,112 34,Stockholm,Sales
Connor,Cisternas,707121016,Centralgatan 4,852 32,Stockholm,Sales
André,Gaulitz,707121017,Industrivägen 4,852 32,Stockholm,Sales
Morgan,Hammarborg,707121018,Industrivägen 4,112 34,Stockholm,Sales
Christoffer,Skilving,707121019,Industrivägen 4,112 34,Stockholm,Sales
Marcus,Lindell,707121020,Centralgatan 4,112 34,Stockholm,Sales
Sebastian,Lindén,707121021,Industrivägen 4,852 32,Stockholm,Sales
Gilbert,Dikmen,707121022,Industrivägen 4,112 34,Stockholm,Sales
Piotr,Kubacki,707121023,Industrivägen 4,112 34,Stockholm,Sales
Karl,Ingves,707121024,Centralgatan 4,112 34,Stockholm,Sales
Andreas,Odenfelt,707121025,Industrivägen 4,852 32,Stockholm,Sales
Martin,Jönsson,707121026,Industrivägen 4,112 34,Stockholm,Sales
Ludvig,Lindholm,707121027,Industrivägen 4,112 34,Stockholm,Consultant
Liam,Jobark,707121028,Centralgatan 4,112 34,Stockholm,Consultant
Henry,Rinne,707121029,Industrivägen 4,852 32,Stockholm,Consultant
Raman,Hersan,707121030,Industrivägen 4,112 34,Stockholm,Consultant
Philip,Kojhassarly,707121031,Centralgatan 4,112 34,Stockholm,Consultant
Viktor,Espinoza,707121032,Centralgatan 4,852 32,Stockholm,Consultant
William,Palmgren,707121033,Industrivägen 4,852 32,Stockholm,Consultant
Malek,Saliba,707121034,Industrivägen 4,112 34,Stockholm,Consultant
Martin,Sääf,707121035,Industrivägen 4,112 34,Stockholm,Consultant
Shervan,Brifkany,707121036,Centralgatan 4,112 34,Stockholm,Consultant
Grigorios,Kyriakoudis,707121037,Industrivägen 4,852 32,Stockholm,Consultant
Amar,Rashid,707121038,Industrivägen 4,112 34,Stockholm,Consultant
André,Rodriguez,707121039,Industrivägen 4,112 34,Stockholm,Consultant
Daniel,Köhler Palm,707121040,Centralgatan 4,112 34,Stockholm,Consultant
Emil,Sivonen,707121041,Industrivägen 4,852 32,Stockholm,Consultant
Fredric,Otternäs,707121042,Centralgatan 4,112 34,Stockholm,Consultant
Jojje,Maniatis,707121043,Industrivägen 4,852 32,Stockholm,Consultant
Lei,Zhang,707121044,Industrivägen 4,112 34,Stockholm,Consultant
Linus,Palmgren,707121045,Industrivägen 4,112 34,Stockholm,Consultant
Ludvig,Garnås,707121046,Industrivägen 4,112 34,Stockholm,Consultant
Marcus,Jonasson Brun,707121047,Centralgatan 4,112 34,Stockholm,Consultant
Nils,Rastborg,707121048,Industrivägen 4,852 32,Stockholm,Consultant
Sebastian,Rojo,707121049,Centralgatan 4,112 34,Stockholm,Economy
Simon,Alexandersson,707121050,Industrivägen 4,852 32,Stockholm,Economy
Tony,Ly,707121051,Industrivägen 4,112 34,Stockholm,Economy
Victor,Thorén,707121052,Industrivägen 4,112 34,Stockholm,Economy
Abdi,Ibrahim,707121053,Industrivägen 4,112 34,Stockholm,Economy
Dani,Hanna,707121054,Industrivägen 4,112 34,Stockholm,Economy
Hassan,Abbas,707121055,Industrivägen 4,112 34,Stockholm,Economy
Jack,Gleeson,707121056,Centralgatan 4,112 34,Stockholm,Economy
Rikard,Sandström,707121057,Industrivägen 4,852 32,Stockholm,Economy
Mohammad,Abdulrahman,707121058,Industrivägen 4,112 34,Stockholm,Economy
Mohammad,Ahmed,707121059,Centralgatan 4,112 34,Stockholm,Economy
Salah,Ahmmed,707121060,Centralgatan 4,852 32,Stockholm,Economy
Farhan,Ali,707121061,Centralgatan 4,852 32,Stockholm,Economy
Khosto,Aljarkas,707121062,Centralgatan 4,852 32,Stockholm,Economy
Salim Ahmad,Amiry,707121063,Industrivägen 4,852 32,Stockholm,Economy
Gabriel,Ampuero,707121064,Industrivägen 4,112 34,Stockholm,Economy
Daniel,Dascola,707121065,Industrivägen 4,112 34,Stockholm,Economy
Adriana,Del Socorro Zambrano,707121066,Industrivägen 4,112 34,Stockholm,Economy
Mohammadreza,Heydari,707121067,Industrivägen 4,112 34,Lund,ITSupport
Victor,Edvardsson,707121068,Industrivägen 4,112 34,Lund,Sales
Simon,Ejdre,707121069,Centralgatan 4,112 34,Lund,Sales
Christoffer,Fransson,707121070,Industrivägen 4,852 32,Lund,Sales
Sebastian,Frödin,707121071,Centralgatan 4,112 34,Lund,Sales
Saeed,Golestani,707121072,Industrivägen 4,852 32,Lund,Sales
Michael,Levin,707121073,Centralgatan 4,112 34,Lund,Sales
Daniel,Marinow,707121074,Centralgatan 4,852 32,Lund,Sales
Noa,Myrdal,707121075,Centralgatan 4,852 32,Lund,Sales
Richard,Myrtin,707121076,Centralgatan 4,852 32,Lund,Sales
Philip,Sabri,707121077,Centralgatan 4,852 32,Lund,Sales
Martin,Sannel,707121078,Industrivägen 4,852 32,Lund,Sales
Filip,Sjöberg,707121079,Industrivägen 4,112 34,Lund,Sales
Noami,Miabi,707121070,Centralgatan 40,852 32,Lund,Sales
Dennis,Skuthälla,707121080,Industrivägen 4,112 34,Lund,Sales
Aleksander,Stavrakov,707121081,Centralgatan 4,112 34,Lund,Sales
Peter,Söderström,707121082,Centralgatan 4,852 32,Lund,Sales
Rasmus,Thaning,707121083,Industrivägen 4,852 32,Lund,Sales
Abdul,Wuisman,707121084,Industrivägen 4,112 34,Lund,Consultant
Kassa,Yehoalashet,707121085,Industrivägen 4,112 34,Lund,Consultant
Akif Mehmet,Ünver,707121086,Centralgatan 4,112 34,Lund,Consultant
Bére Mohammed,Tandia,707121087,Centralgatan 4,852 32,Lund,Consultant
Christoffer,Silverson,707121088,Centralgatan 4,852 32,Lund,Consultant
Danny,Haque,707121089,Industrivägen 4,852 32,Lund,Consultant
Emre,Celik,707121090,Industrivägen 4,112 34,Lund,Consultant
Fadi,Jalka,707121091,Centralgatan 4,112 34,Lund,Consultant
Faraz,Khan,707121092,Centralgatan 4,852 32,Lund,Consultant
Filip,Remahl,707121093,Industrivägen 4,852 32,Lund,Consultant
Gustav,Löwenhoff,707121094,Industrivägen 4,112 34,Lund,Economy
Max,Eklund Hedén,707121095,Industrivägen 4,112 34,Lund,Economy
Mohammad,Zohouri,707121096,Industrivägen 4,112 34,Lund,Economy
Samira,Moazzamian,707121097,Centralgatan 4,112 34,Lund,Economy
Sebastian,Borén,707121098,Centralgatan 4,852 32,Lund,Economy
Amin,Jirari,707121086,Centralgatan 4,112 34,Lund,Economy
